Chr,Start,End,Type,SIFT_pred,Polyphen2_HDIV_pred,Polyphen2_HVAR_pred,LRT_pred,MutationTaster_pred,MutationAssessor_pred,FATHMM_pred,RadialSVM_pred,LR_pred,VEST3_score,CADD_phred,GERP++_RS,phyloP46way_placental,phyloP100way_vertebrate,SiPhy_29way_logOdds,CDTS_1st,CDTS_5th,gain_freq_AFR,gain_freq_AMR,gain_freq_ASJ,gain_freq_EAS,gain_freq_FIN,gain_freq_NFE,gain_freq_OTH,gain_freq_SAS,gain_freq_UKN,loss_freq_AFR,loss_freq_AMR,loss_freq_ASJ,loss_freq_EAS,loss_freq_FIN,loss_freq_NFE,loss_freq_OTH,loss_freq_SAS,loss_freq_UKN,gain.freq,loss.freq,pELS,CTCF-bound,PLS,dELS,CTCF-only,DNase-H3K4me3,pLI,Episcore,GHIS,Type,Length,MVP_score
16,31337926,31415218,gain,0.585089508271017,0.598459098119193,0.458418309539996,0,0,0,0.139134375708135,0.178789938817131,0.207115341037843,0.426355540448674,16.0458227962837,1.41849422161795,0.755512576478586,1.39796736913664,8.42358837525493,0.014619693892073,0.0961277217859315,0.00389408099688474,0,0,0,0,0,0,0,0,0,0,0,0,0,0,0,0.000661229887590919,0,5.6860180815375e-05,3.4116108489225e-05,0.0112946838652918,0,0.00434709482100578,0.047727478555626,0.007465100332501,0,6.11157e-05,0.08155,0.558527663,1,77293,0.153934568166733
17,39506420,39524501,loss,0.760869565217391,0.460302457466919,0.431947069943289,0.706049149338374,0,0,0.946124763705104,0.696597353497165,0.761814744801512,0.538605860113422,17.7500406427221,3.25455198487713,1.60612003780718,2.44390170132325,11.2463771266541,0.00276518084282712,0.0995465103417764,0,0,0,0,0,8.99118863513757e-05,0,0,0,0.299844236760125,0.0371203599550056,0.0476190476190476,0.0189214758751183,0.029126213592233,0.00845171731702931,0.143589743589744,0.00551024906325766,1.48480304087663e-05,1.1372036163075e-05,0.0073235912890203,0,0,0,0,0,0,2.396871e-06,0.1047,0.404617885,0,18082,0.227584004402161
