Chr,Start,End,Type,SIFT_pred,Polyphen2_HDIV_pred,Polyphen2_HVAR_pred,LRT_pred,MutationTaster_pred,MutationAssessor_pred,FATHMM_pred,RadialSVM_pred,LR_pred,VEST3_score,CADD_phred,GERP++_RS,phyloP46way_placental,phyloP100way_vertebrate,SiPhy_29way_logOdds,CDTS_1st,CDTS_5th,gain_freq_AFR,gain_freq_AMR,gain_freq_ASJ,gain_freq_EAS,gain_freq_FIN,gain_freq_NFE,gain_freq_OTH,gain_freq_SAS,gain_freq_UKN,loss_freq_AFR,loss_freq_AMR,loss_freq_ASJ,loss_freq_EAS,loss_freq_FIN,loss_freq_NFE,loss_freq_OTH,loss_freq_SAS,loss_freq_UKN,gain.freq,loss.freq,pELS,CTCF-bound,PLS,dELS,CTCF-only,DNase-H3K4me3,pLI,Episcore,GHIS,Type,Length,MVP_score
1,17248434,17271029,gain,0.331962397179789,0.594594594594595,0.420681551116334,0,0,0,0.00176263219741481,0.00176263219741481,0.00176263219741481,0.485823149236193,16.303330199765,3.27582039130435,1.39737191539365,3.09385252643948,10.5414024676851,0.00442556204637989,0.042042839440609,0.352803738317757,0.358830146231721,0,0.166508987701041,0.650485436893204,0.0262542708146017,0.00256410256410256,0.0780251267357285,7.42401520438314e-05,0.00778816199376947,0,0,0.00189214758751183,0,0.00899118863513757,0,0,7.42401520438314e-05,0.0209700346847103,0.00135327230340592,0.0114622057001239,0,0.00849707912904939,0.0608514781377235,0,0,4.706129e-20,0.1299667,0.482507433,1,22596,0.14108057320118
10,47907740,47942334,gain,0.343842950624628,0.52528256989887,0.35871505056514,0.289708506841166,0,0,0,0,0,0.225703152885187,11.7990475907198,1.14579060083284,0.646772159428911,2.00945211183819,6.31774301011303,0,0,0.00311526479750779,0.00112485939257593,0,0.000946073793755913,0,0.000179823772702751,0.00256410256410256,0,1.48480304087663e-05,0.0607476635514019,0,0,0,0,0,0,0,2.96960608175326e-05,0.000125092397793825,0.000909762893046,0,0,0,0,0,0,0.8964007,0.000583333,0,1,34595,0.123218603432179
11,89577675,89609435,loss,0,0,0,0,0,0,0.0719063545150502,0.0535117056856187,0.0903010033444816,0.267082775919732,11.0544122073579,-0.12844397993311,0.146963210702341,0.158845317725753,4.71722934782609,0,0,0.00155763239875389,0,0,0,0,0,0.00256410256410256,0,0,0,0,0,0,0,8.99118863513757e-05,0,0,0.000178176364905195,3.4116108489225e-05,0.000147836470119975,0,0,0,0,0,0,0,0.000283333,0,0,31761,0.123218603432179
11,89701410,89733224,gain,0,0,0,0,0,0,0,0,0,0,0,-12.3,-11.958,-20,3e-04,0,0,0,0,0,0,0,0,0,0,0,0,0,0,0,0,0,0,0,0,0,0,0,0,0,0,0,0,0,0,0,1,31815,0.123218603432179
