Chr,Start,End,Type,SIFT_pred,Polyphen2_HDIV_pred,Polyphen2_HVAR_pred,LRT_pred,MutationTaster_pred,MutationAssessor_pred,FATHMM_pred,RadialSVM_pred,LR_pred,VEST3_score,CADD_phred,GERP++_RS,phyloP46way_placental,phyloP100way_vertebrate,SiPhy_29way_logOdds,CDTS_1st,CDTS_5th,gain_freq_AFR,gain_freq_AMR,gain_freq_ASJ,gain_freq_EAS,gain_freq_FIN,gain_freq_NFE,gain_freq_OTH,gain_freq_SAS,gain_freq_UKN,loss_freq_AFR,loss_freq_AMR,loss_freq_ASJ,loss_freq_EAS,loss_freq_FIN,loss_freq_NFE,loss_freq_OTH,loss_freq_SAS,loss_freq_UKN,gain.freq,loss.freq,pELS,CTCF-bound,PLS,dELS,CTCF-only,DNase-H3K4me3,pLI,Episcore,GHIS,Type,Length,MVP_score
8,11968878,12458975,loss,0.620073228516046,0.372388541891019,0.275037691147965,0.0579366788714193,0,0,0.0105535214301098,0.012061167348697,0.0176609950463063,0.260786345035537,11.3284475554598,-0.883059464398019,0.197061813482662,1.13571914710317,4.10349956924402,0.00108141636978727,0.00155071026611004,0.0389408099688474,0,0,0.010406811731315,0,0.00818198165797518,0.00512820512820513,0,0.000103936212861364,0.00623052959501558,0.00112485939257593,0,0.0075685903500473,0,0.00134867829527063,0.00256410256410256,0.000661229887590919,0,0.0019559902200489,0.0005003695911753,0,0,0,0.000657011454851887,0.00206897396030998,0,0.74446034,0.157016667,0.419025033,0,490098,0.123218603432179
12,10033930,10124538,loss,0.465210355987055,0.223300970873786,0.148058252427184,0,0,0,0.00970873786407767,0.0137540453074434,0.0177993527508091,0.311685275080906,10.0496812297735,0.126905993527508,0.205063915857605,0.218745145631068,4.60896885113269,0.00353165800306813,0.075709918440773,0,0,0,0,0,0,0,0,0,0,0,0,0,0,0,0,0,0,0,0,0.00203070335176417,0,0.00600381860521582,0.00450286395391186,0.00177686543279365,0.00277014424615656,6.283461e-06,0.27053333,0.440080143,0,90609,0.123218603432179
